<?xml version="1.0" encoding="UTF-8"?>


<!-- logback-spring.xml 을 통해 상세한 설정이 가능하다. -->
<!-- 60초마다 설정 파일의 변경을 확인 하여 변경시 갱신 -->
<configuration scan="true" scanPeriod="60 seconds">

	<!-- 패턴 등록 -->
	<property name="LOG_PATTERN" value="%-5level %d{yy-MM-dd HH:mm:ss}[%thread] [%logger{0}:%line] - %msg%n"/>

	<!-- Appenders :  CONSOLE -->
	<appender name="console" class="ch.qos.logback.core.ConsoleAppender">	
		<!-- 출력 패턴 -->
		<encoder class="ch.qos.logback.classic.encoder.PatternLayoutEncoder">
			<pattern>${LOG_PATTERN}</pattern> 		
		</encoder>
	</appender>
		
	<!-- SQL LOG 옵션 설정 (쿼리문과 걸린시간, 결과를 보도록 한다.)-->	
	<logger name="jdbc.connection" level="OFF"/>
	<logger name="jdbc.sqlonly" level="OFF"/>
	<logger name="jdbc.sqltiming" level="INFO"/>
	<logger name="jdbc.audit" level="OFF"/>
	<logger name="jdbc.resultset" level="OFF"/>
	<logger name="jdbc.resultsettable" level="INFO"/>	

   	<!-- Root Logger -->
	<root>
		<appender-ref ref="console" />
	</root>
    
</configuration>